{"loss":0.20799427750435742,"_timestamp":1.7425571388094776e+09,"_runtime":7.8310102,"_step":20,"test_accuracy":0.9600760456273765,"_wandb":{"runtime":7},"epoch":20}